City Attorney	https://en.wikipedia.org/wiki/Lawyer
City Attorneys	https://en.wikipedia.org/wiki/Lawyer
Judge	https://en.wikipedia.org/wiki/Judge
Judge	https://en.wikipedia.org/wiki/Judge
County Attorney	https://en.wikipedia.org/wiki/Lawyer
County Attorneys	https://en.wikipedia.org/wiki/Lawyer
State Attorney	https://en.wikipedia.org/wiki/Lawyer
State Attorneys	https://en.wikipedia.org/wiki/Lawyer
Attorney	https://en.wikipedia.org/wiki/Lawyer
Attorneys	https://en.wikipedia.org/wiki/Lawyer
Councillor	https://en.wikipedia.org/wiki/Councillor
Councillors	https://en.wikipedia.org/wiki/Councillor
Councilwoman	https://en.wikipedia.org/wiki/Councillor
Councilwomen	https://en.wikipedia.org/wiki/Councillor
Councilman	https://en.wikipedia.org/wiki/Councillor
Councilmen	https://en.wikipedia.org/wiki/Councillor
Councilperson	https://en.wikipedia.org/wiki/Councillor
Councilpeople	https://en.wikipedia.org/wiki/Councillor
Commissioner	https://en.wikipedia.org/wiki/Commissioner
Commissioners	https://en.wikipedia.org/wiki/Commissioner
Chair	https://en.wikipedia.org/wiki/Chairman
Chairperson	https://en.wikipedia.org/wiki/Chairman
Chairpeople	https://en.wikipedia.org/wiki/Chairman
Chairwoman	https://en.wikipedia.org/wiki/Chairman
Chairwomen	https://en.wikipedia.org/wiki/Chairman
Chairman	https://en.wikipedia.org/wiki/Chairman
Chairmen	https://en.wikipedia.org/wiki/Chairman
President	https://en.wikipedia.org/wiki/President
Presidents	https://en.wikipedia.org/wiki/President
Mr.	https://en.wikipedia.org/wiki/Mr.
Messr.	https://en.wikipedia.org/wiki/Mr.
Mr	https://en.wikipedia.org/wiki/Mr.
Mister	https://en.wikipedia.org/wiki/Mr.
Ms.	https://en.wikipedia.org/wiki/Ms.
Ms	https://en.wikipedia.org/wiki/Ms.
Miss	https://en.wikipedia.org/wiki/Miss
Mrs.	https://en.wikipedia.org/wiki/Doctor_(title)
Mrs	https://en.wikipedia.org/wiki/Doctor_(title)
Dr.	https://en.wikipedia.org/wiki/Doctor_(title)
Dr	https://en.wikipedia.org/wiki/Doctor_(title)
Drs.	https://en.wikipedia.org/wiki/Doctor_(title)
Rev.	https://en.wikipedia.org/wiki/The_Reverend
Very Reverend	https://en.wikipedia.org/wiki/The_Reverend
Right Reverend	https://en.wikipedia.org/wiki/The_Reverend
Reverend	https://en.wikipedia.org/wiki/The_Reverend
The Reverend	https://en.wikipedia.org/wiki/The_Reverend
The Very Reverend	https://en.wikipedia.org/wiki/The_Reverend
The Right Reverend	https://en.wikipedia.org/wiki/The_Reverend
Hon.	https://en.wikipedia.org/wiki/The_Honourable
The Honorable	https://en.wikipedia.org/wiki/The_Honourable
The Honourable	https://en.wikipedia.org/wiki/The_Honourable
The Right Honorable	https://en.wikipedia.org/wiki/The_Honourable
The Right Honourable	https://en.wikipedia.org/wiki/The_Honourable
The Much Honored	https://en.wikipedia.org/wiki/The_Honourable
The Much Honoured	https://en.wikipedia.org/wiki/The_Honourable
The Most Honorable	https://en.wikipedia.org/wiki/The_Honourable
The Most Honourable	https://en.wikipedia.org/wiki/The_Honourable
His Honor	https://en.wikipedia.org/wiki/The_Honourable
Her Honor	https://en.wikipedia.org/wiki/The_Honourable
